{
  "train_loss": [
    0.361714833403001,
    0.29008399465588297,
    0.2742630734163172,
    0.26740677573350297,
    0.2620844154798684,
    0.2553803486650397,
    0.2536749441792317,
    0.2521551014119838,
    0.2500947868915833,
    0.24879254375686163,
    0.25545761487981516,
    0.25429247799707727,
    0.25016323138936225,
    0.24775900706356646,
    0.2457176572760614,
    0.24341684081056872,
    0.24239270249251224,
    0.241267255770893,
    0.23990238165738537,
    0.2391630208500627,
    0.23651678169391402,
    0.23468166911134533,
    0.23591715944748298,
    0.23442544337330745,
    0.2332367037608176,
    0.23223827814772016,
    0.23170421996704338,
    0.23138955003824555,
    0.2307680357320636,
    0.23078201116383576,
    0.2375003245322644,
    0.23858763329705604,
    0.2361454707818205,
    0.2336459957918867,
    0.2334587713416551,
    0.23382005790451996,
    0.23180038740738435,
    0.2325869047132527,
    0.23196404949039304,
    0.23046944874758815,
    0.22997984726305434,
    0.22888934599752186,
    0.22771513539285554,
    0.22815596627421073,
    0.2280012259797222,
    0.2262127057177012,
    0.22526701781846561,
    0.22465246285544055,
    0.2239935812162084,
    0.2239635636200424
  ],
  "val_loss": [
    0.3147672539576888,
    0.3019241876900196,
    0.2928572790697217,
    0.2864455355331302,
    0.27798636853694914,
    0.2742913687601686,
    0.27171957939863206,
    0.2702136950567365,
    0.2686301054432988,
    0.2678830837830901,
    0.27232416309416296,
    0.2680013906210661,
    0.26451883018016814,
    0.26098604388535024,
    0.26037686634808777,
    0.25890976171940566,
    0.2574912330135703,
    0.2568458568304777,
    0.2557100627571344,
    0.25559229888021945,
    0.2550903182476759,
    0.2511337025091052,
    0.25067835170775654,
    0.2509160259738564,
    0.24851132817566396,
    0.25008585806936023,
    0.2484548944979906,
    0.24930797051638365,
    0.24802650604397058,
    0.24816239178180693,
    0.2514356054365635,
    0.25102451220154764,
    0.2506929552182555,
    0.24886675365269184,
    0.24841064754873515,
    0.24836636409163476,
    0.24710630886256696,
    0.24634555745869874,
    0.24475619215518235,
    0.24500372391194106,
    0.2431153742596507,
    0.24527402818202973,
    0.24332791101187468,
    0.24241167344152928,
    0.2444371584802866,
    0.24466210938990116,
    0.24246343411505222,
    0.244167666323483,
    0.24207312781363727,
    0.24465285744518042
  ],
  "train_iou": [
    0.34516267217659263,
    0.42723543798047914,
    0.44742903511490284,
    0.45611794585555315,
    0.46474330134332204,
    0.47530216242317624,
    0.48051323158421766,
    0.48409466592946765,
    0.4859908259943968,
    0.4894223067321769,
    0.47846452263830563,
    0.4783530504329358,
    0.4853243359263804,
    0.4895491947051693,
    0.49318046075078487,
    0.49833460668992213,
    0.5006184609000437,
    0.5026937913702954,
    0.5057916474440672,
    0.5067753019721348,
    0.5112194393243785,
    0.5152436651625419,
    0.5121723583081091,
    0.5179942904632171,
    0.5195766758834052,
    0.5203537578227485,
    0.5209230641787665,
    0.5230077724051468,
    0.5250093578769294,
    0.5228493570940054,
    0.5121790174377561,
    0.5095277206867207,
    0.5153582528191575,
    0.5182247251414777,
    0.5204947036251736,
    0.5198072252122046,
    0.5231365798490578,
    0.5237838066127809,
    0.5239185126149493,
    0.5288676982484218,
    0.5299602307038146,
    0.5350938669074922,
    0.5372407015537877,
    0.538892197812266,
    0.5386272495423642,
    0.5418645107296187,
    0.5484563363513395,
    0.5496711746883827,
    0.5535424880976024,
    0.5541696099411979
  ],
  "val_iou": [
    0.3464185237630116,
    0.36630140573615283,
    0.38350299569667273,
    0.38941852295715257,
    0.38940950426556,
    0.3949761957200159,
    0.4103694650866652,
    0.4094332800791098,
    0.409166805606987,
    0.40718174670331386,
    0.40700995665887135,
    0.41803867864382394,
    0.42878685965756524,
    0.4316063340548862,
    0.4419012898555149,
    0.4370912387798146,
    0.451088160862869,
    0.44427159262930677,
    0.4514986303816494,
    0.4518735120838091,
    0.45445420068099224,
    0.4709595237514129,
    0.46584796021254055,
    0.4707395689636109,
    0.47520574964455414,
    0.4759140306656661,
    0.47710880952885387,
    0.4693703976424276,
    0.47429440215105034,
    0.4712658493181193,
    0.47539493508095987,
    0.47193660673260834,
    0.48485570848248666,
    0.47571431288444843,
    0.4820145187104613,
    0.4747570817656621,
    0.4830402372462217,
    0.47156828945043444,
    0.48262852888728497,
    0.4881009684043377,
    0.497614636308983,
    0.49544201030056845,
    0.5099971133066223,
    0.49685938125373674,
    0.49806113046940437,
    0.5187080013922726,
    0.510951018333084,
    0.520166805803421,
    0.5174971420262082,
    0.5155519275023558
  ],
  "val_acc": [
    0.786838173866272,
    0.791477108001709,
    0.8055445075035095,
    0.8161631107330323,
    0.8130157351493835,
    0.817047393321991,
    0.8285495519638062,
    0.8255484104156494,
    0.8249364972114563,
    0.8245444416999816,
    0.8196532845497131,
    0.8230866551399231,
    0.8242481350898743,
    0.8305122971534729,
    0.8339650392532348,
    0.83431396484375,
    0.8384069085121155,
    0.8314478039741516,
    0.8329345703125,
    0.839279294013977,
    0.8376983284950257,
    0.8430400133132935,
    0.842650043964386,
    0.8469526052474976,
    0.8475398778915405,
    0.8473263859748841,
    0.8514339327812195,
    0.8477990746498107,
    0.8483245968818665,
    0.8470656156539917,
    0.8419321060180665,
    0.8419742941856384,
    0.8486257195472717,
    0.848584794998169,
    0.8474665641784668,
    0.8532716155052185,
    0.8535448670387268,
    0.8442253112792969,
    0.853793489933014,
    0.8518584609031677,
    0.8580947875976562,
    0.8553216695785523,
    0.8623005628585816,
    0.8585806488990784,
    0.8580463528633118,
    0.8645960330963135,
    0.8641346096992493,
    0.8649757742881775,
    0.8624138593673706,
    0.8720454931259155
  ],
  "lr": [
    0.00019510809880370062,
    0.000180911248587776,
    0.0001587991359666327,
    0.000130936248587776,
    0.00010005,
    6.916375141222402e-05,
    4.130086403336732e-05,
    1.9188751412224014e-05,
    4.991901196299404e-06,
    0.0002,
    0.00019876944964248403,
    0.00019510809880370062,
    0.00018910610209262738,
    0.000180911248587776,
    0.00017072532277959544,
    0.0001587991359666327,
    0.0001454263504489677,
    0.000130936248587776,
    0.00011568562478077109,
    0.00010005,
    8.441437521922896e-05,
    6.916375141222402e-05,
    5.467364955103231e-05,
    4.130086403336732e-05,
    2.9374677220404582e-05,
    1.9188751412224014e-05,
    1.099389790737264e-05,
    4.991901196299404e-06,
    1.3305503575159911e-06,
    0.0002,
    0.00019969188750662616,
    0.00019876944964248403,
    0.00019723837354374777,
    0.00019510809880370062,
    0.00019239175927450311,
    0.00018910610209262738,
    0.00018527138442719153,
    0.000180911248587776,
    0.0001760525762617231,
    0.00017072532277959544,
    0.0001649623324306019,
    0.0001587991359666327,
    0.0001522737315433591,
    0.0001454263504489677,
    0.00013829920906489074,
    0.000130936248587776,
    0.00012338286411739776,
    0.00011568562478077109,
    0.00010789198661799812,
    0.00010005
  ]
}